Entity ID,Yext ID,Website URL > URL [Client Pages]
605,4049528,http://www.seniorlifestyle.com/property/sheridan-mason/
207,4049529,http://www.seniorlifestyle.com/property/senior-suites-of-ravenswood-manor/
226,4049530,http://www.seniorlifestyle.com/property/senior-suites-of-gage-park/
227,4049531,http://www.seniorlifestyle.com/property/senior-suites-of-belmont-cragin/
228,4049532,http://www.seniorlifestyle.com/property/senior-suites-of-south-shore/
229,4049533,http://www.seniorlifestyle.com/property/senior-suites-of-austin/
230,4049534,http://www.seniorlifestyle.com/property/senior-suites-of-central-station/
231,4049535,http://www.seniorlifestyle.com/property/senior-suites-of-garfield-ridge/
232,4049536,http://www.seniorlifestyle.com/property/senior-suites-of-washington-heights/
233,4049537,http://www.seniorlifestyle.com/property/senior-suites-of-hegewisch/
234,4049538,http://www.seniorlifestyle.com/property/senior-suites-of-jefferson-park/
235,4049539,http://www.seniorlifestyle.com/property/senior-suites-of-new-city/
236,4049540,http://www.seniorlifestyle.com/property/senior-suites-of-rainbow-beach/
237,4049541,http://www.seniorlifestyle.com/property/senior-suites-of-west-humboldt-park/
238,4049542,http://www.seniorlifestyle.com/property/senior-suites-of-kelvyn-park/
239,4049543,http://www.seniorlifestyle.com/property/senior-suites-of-marquette-village/
240,4049544,http://www.seniorlifestyle.com/property/senior-suites-of-fays-point/
242,4049545,http://www.seniorlifestyle.com/property/senior-suites-of-autumn-green-at-wright-campus/
245,4049546,http://www.seniorlifestyle.com/property/senior-suites-of-midway-village/
246,4049547,http://www.seniorlifestyle.com/property/senior-suites-bellwood/
247,4049548,http://www.seniorlifestyle.com/property/senior-suites-of-norwood-park/
250,4049549,http://www.seniorlifestyle.com/property/senior-suites-of-auburn-gresham/
251,4049550,http://www.seniorlifestyle.com/property/senior-suites-of-joliet/
260,4049551,http://www.seniorlifestyle.com/property/senior-suites-of-bridgeport/
265,4049552,http://www.seniorlifestyle.com/property/senior-suites-of-chatham/
272,4049553,http://www.seniorlifestyle.com/property/prairie-green-fays-point/
273,4049554,http://www.seniorlifestyle.com/property/prairie-green-at-dixie-crossing/
309,4049555,http://www.seniorlifestyle.com/property/the-breakers-at-edgewater-beach/
327,4049556,http://www.seniorlifestyle.com/property/the-woodmark-at-sun-city/
337,4049557,http://www.seniorlifestyle.com/property/the-woodmark-at-uptown/
340,4049558,http://www.seniorlifestyle.com/property/the-heritage-tradition/
345,4049559,http://www.seniorlifestyle.com/property/atrium-village/
350,4049560,http://www.seniorlifestyle.com/property/siena-hills/
775,4049561,http://www.seniorlifestyle.com/property/the-carlisle-palm-beach/
895,4049562,http://www.seniorlifestyle.com/property/north-shore-place/
402,4049563,http://www.seniorlifestyle.com/property/seasons/
403,4049564,http://www.seniorlifestyle.com/property/wellspring-health-center/
404,4049565,http://www.seniorlifestyle.com/property/evergreen-retirement-community/
405,4049566,http://www.seniorlifestyle.com/property/liberty-heights/
406,4049567,http://www.seniorlifestyle.com/property/lincolnwood/
421,4049568,http://www.seniorlifestyle.com/property/lakewoodranch/
555,4049569,http://www.seniorlifestyle.com/property/sheridan-laumeier-park/
602,4049570,http://www.seniorlifestyle.com/property/sheridan-chesterfield/
425,4049571,http://www.seniorlifestyle.com/property/addison-pleasant-prairie/
426,4049572,http://www.seniorlifestyle.com/property/sheridan-cooper-city/
427,4049573,http://www.seniorlifestyle.com/property/sheridan-windermere/
428,4049574,http://www.seniorlifestyle.com/property/sheridan-tyler-creek/
429,4049575,http://www.seniorlifestyle.com/property/sheridan-green-oaks/
601,4049576,http://www.seniorlifestyle.com/property/sheridan-creve-coeur/
556,4049577,http://www.seniorlifestyle.com/property/sheridan-overland-park/
461,4049578,http://www.seniorlifestyle.com/property/homestead-house/
462,4049579,http://www.seniorlifestyle.com/property/reed-house/
463,4049580,http://www.seniorlifestyle.com/property/beardsley-house/
464,4049581,http://www.seniorlifestyle.com/property/rutherford-house/
465,4049582,http://www.seniorlifestyle.com/property/jewel-house/
466,4049583,http://www.seniorlifestyle.com/property/maurice-house/
467,4049584,http://www.seniorlifestyle.com/property/chestnut-house/
468,4049585,http://www.seniorlifestyle.com/property/madison-house/
469,4049586,http://www.seniorlifestyle.com/property/seneca-house/
470,4049587,http://www.seniorlifestyle.com/property/caldwell-house/
471,4049588,http://www.seniorlifestyle.com/property/saunders-house/
472,4049589,http://www.seniorlifestyle.com/property/river-bend-house/
473,4049590,http://www.seniorlifestyle.com/property/mahoney-house/
485,4049591,http://www.seniorlifestyle.com/property/fountain-view-village/
415,4049592,http://www.seniorlifestyle.com/property/lake-barrington-woods/
503,4049593,http://www.seniorlifestyle.com/property/bella-terra/
500,4049594,http://www.seniorlifestyle.com/property/castle-pointe-baywinde/
502,4049595,http://www.seniorlifestyle.com/property/sage-harbor-baywinde/
449,4049596,http://www.seniorlifestyle.com/property/mangrove-bay/
451,4049597,http://www.seniorlifestyle.com/property/autumn-green-at-midway-village/
457,4049598,http://www.seniorlifestyle.com/property/autumn-green-at-wright-campus/
575,4049599,http://www.seniorlifestyle.com/property/harbour-assisted-living-of-fort-wayne/
576,4049600,http://www.seniorlifestyle.com/property/harbour-senior-living-of-monroeville/
577,4049601,http://www.seniorlifestyle.com/property/harbour-senior-living-of-south-hills/
578,4049602,http://www.seniorlifestyle.com/property/metzler-memory-care/
458,4049603,http://www.seniorlifestyle.com/property/bellingham-retirement-community/
459,4049604,http://www.seniorlifestyle.com/property/park-lane-at-bellingham/
474,4049605,http://www.seniorlifestyle.com/property/walden-place/
475,4049606,http://www.seniorlifestyle.com/property/harbour-village/
476,4049607,http://www.seniorlifestyle.com/property/chancellors-village/
591,4049608,http://www.seniorlifestyle.com/property/morningside-house-leesburg/
592,4049609,http://www.seniorlifestyle.com/property/morningside-house-laurel/
593,4049610,http://www.seniorlifestyle.com/property/morningside-house-friendship/
594,4049611,http://www.seniorlifestyle.com/property/morningside-house-st-charles/
595,4049612,http://www.seniorlifestyle.com/property/morningside-house-satyr-hill/
596,4049613,http://www.seniorlifestyle.com/property/morningside-house-ellicott-city/
597,4049614,http://www.seniorlifestyle.com/property/cardinal-village/
671,4049615,http://www.seniorlifestyle.com/property/brookstone-estates-paris/
672,4049616,http://www.seniorlifestyle.com/property/brookstone-estates-charleston/
673,4049617,http://www.seniorlifestyle.com/property/brookstone-mattoon-south/
674,4049618,http://www.seniorlifestyle.com/property/brookstone-mattoon-north/
675,4049619,http://www.seniorlifestyle.com/property/brookstone-estates-robinson/
676,4049620,http://www.seniorlifestyle.com/property/brookstone-estates-effingham/
677,4049621,http://www.seniorlifestyle.com/property/brookstone-suites-effingham/
678,4049622,http://www.seniorlifestyle.com/property/brookstone-estates-vandalia/
679,4049623,http://www.seniorlifestyle.com/property/brookstone-harrisburg/
680,4049624,http://www.seniorlifestyle.com/property/brookstone-estates-fairfield/
681,4049625,http://www.seniorlifestyle.com/property/brookstone-estates-olney/
682,4049626,http://www.seniorlifestyle.com/property/emerald-glen-olney/
683,4049627,http://www.seniorlifestyle.com/property/brookstone-estates-tuscola/
684,4049628,http://www.seniorlifestyle.com/property/brookstone-estates-rantoul/
685,4049629,http://www.seniorlifestyle.com/property/grand-victorian-rockford/
686,4049630,http://www.seniorlifestyle.com/property/grand-victorian-sycamore/
687,4049631,http://www.seniorlifestyle.com/property/carriage-court-lancaster/
688,4049632,http://www.seniorlifestyle.com/property/reflections/
689,4049633,http://www.seniorlifestyle.com/property/carriage-court-marysville-2/
690,4049634,http://www.seniorlifestyle.com/property/carriage-court-grove-city/
691,4049635,http://www.seniorlifestyle.com/property/carriage-court-washington-ch/
692,4049636,http://www.seniorlifestyle.com/property/carriage-court-kenwood/
693,4049637,http://www.seniorlifestyle.com/property/granville-villa/
694,4049638,http://www.seniorlifestyle.com/property/chaucer-estates/
695,4049639,http://www.seniorlifestyle.com/property/cottage-landing-assisted-living/
696,4049640,http://www.seniorlifestyle.com/property/carriage-court-memphis-2/
697,4049641,http://www.seniorlifestyle.com/property/valley-view-gardens/
698,4049642,http://www.seniorlifestyle.com/property/sunflower-gardens/
699,4049643,http://www.seniorlifestyle.com/property/fullerton-gardens/
701,4049644,http://www.seniorlifestyle.com/property/richman-gardens/
703,4049645,http://www.seniorlifestyle.com/property/claremont-east/
704,4049646,http://www.seniorlifestyle.com/property/elkwood-assisted-living/
705,4049647,http://www.seniorlifestyle.com/property/angelwood-assisted-living/
706,4049648,http://www.seniorlifestyle.com/property/weatherwood/
707,4049649,http://www.seniorlifestyle.com/property/countrywood-assisted-living-memory-care/
708,4049650,http://www.seniorlifestyle.com/property/timberwood/
709,4049651,http://www.seniorlifestyle.com/property/oakwood/
477,4049652,http://www.seniorlifestyle.com/property/ashford-court-at-marsh-landing/
478,4049653,http://www.seniorlifestyle.com/property/the-atrium-at-boca-raton/
479,4049654,http://www.seniorlifestyle.com/property/heritage-of-brookstone/
482,4049655,http://www.seniorlifestyle.com/property/heron-club-at-prestancia/
483,4049656,http://www.seniorlifestyle.com/property/heron-east/
484,4049657,http://www.seniorlifestyle.com/property/heron-house/
486,4049658,http://www.seniorlifestyle.com/property/heritage-of-peachtree/
491,4049659,http://www.seniorlifestyle.com/property/southern-plantation/
492,4049660,http://www.seniorlifestyle.com/property/presidential-place/
493,4049661,http://www.seniorlifestyle.com/property/remington-house/
494,4049662,http://www.seniorlifestyle.com/property/heritage-of-sandy-plains/
495,4049663,http://www.seniorlifestyle.com/property/the-sterling-aventura/
725,4049664,http://www.seniorlifestyle.com/property/peachtree-creek/
728,4049665,http://www.seniorlifestyle.com/property/shoreline-clinton/
730,4049666,http://www.seniorlifestyle.com/property/lakeshore-manor/
731,4049667,http://www.seniorlifestyle.com/property/bellevue/
732,4049668,http://www.seniorlifestyle.com/property/parkside/
733,4049669,http://www.seniorlifestyle.com/property/hickory-park/
734,4049670,http://www.seniorlifestyle.com/property/bella-vista/
736,4049671,http://www.seniorlifestyle.com/property/parkside-manor/
737,4049672,http://www.seniorlifestyle.com/property/fox-point/
739,4049673,http://www.seniorlifestyle.com/property/island-shores/
740,4049674,http://www.seniorlifestyle.com/property/countryside-manor/
741,4049675,http://www.seniorlifestyle.com/property/mission-creek/
800,4049676,http://www.seniorlifestyle.com/property/hampton-meadows-place/
801,4049677,http://www.seniorlifestyle.com/property/the-pavilion-great-hills/
802,4049678,http://www.seniorlifestyle.com/property/andara/
803,4049679,http://www.seniorlifestyle.com/property/park-place-senior-living-winghaven/
806,4049680,http://www.seniorlifestyle.com/property/estate-hyde-park/
809,4049681,http://www.seniorlifestyle.com/property/the-ivy-of-mckinney/
822,4049682,http://www.seniorlifestyle.com/property/royal-estates-el-paso/
497,4049683,http://www.seniorlifestyle.com/property/royal-estates-of-wichita-falls/
829,4049684,http://www.seniorlifestyle.com/property/village-woodlands-waterway/
498,4049685,http://www.seniorlifestyle.com/property/lake-howard-heights/
851,4049687,http://www.seniorlifestyle.com/property/the-pointe-at-cedar-park/
852,4049688,http://www.seniorlifestyle.com/property/garden-estates-of-corpus-christi/
853,4049689,http://www.seniorlifestyle.com/property/falls-river-court/
854,4049690,http://www.seniorlifestyle.com/property/falls-river-village/
855,4049691,http://www.seniorlifestyle.com/property/greatwood-at-sugar-land/
856,4049692,http://www.seniorlifestyle.com/property/pointe-at-kirby-gate/
858,4049693,http://www.seniorlifestyle.com/property/lake-wylie/
859,4049694,http://www.seniorlifestyle.com/property/regal-estates-of-league-city/
860,4049695,http://www.seniorlifestyle.com/property/court-at-round-rock/
861,4049696,http://www.seniorlifestyle.com/property/garden-estates-of-temple/
862,4049697,http://www.seniorlifestyle.com/property/garden-estates-of-tyler/
863,4049698,http://www.seniorlifestyle.com/property/amethyst-gardens/
864,4049699,http://www.seniorlifestyle.com/property/inn-amethyst/
865,4049700,http://www.seniorlifestyle.com/property/amethyst-arbor/
866,4049701,http://www.seniorlifestyle.com/property/the-garnet-of-casa-grande/
867,4049702,http://www.seniorlifestyle.com/property/emerald-springs/
868,4049703,http://www.seniorlifestyle.com/property/blossom-creek/
869,4049704,http://www.seniorlifestyle.com/property/blossom-valley/
870,4049705,http://www.seniorlifestyle.com/property/eagle-springs/
871,4049706,http://www.seniorlifestyle.com/property/mallard-landing/
872,4049707,http://www.seniorlifestyle.com/property/orchard-pointe/
873,4049708,http://www.seniorlifestyle.com/property/settlers-park/
874,4049709,http://www.seniorlifestyle.com/property/wildflower-lodge/
890,4049710,http://www.seniorlifestyle.com/property/barrington-of-oakley/
891,4049711,http://www.seniorlifestyle.com/property/barrington-of-west-chester/
604,4049712,http://www.seniorlifestyle.com/property/sheridan-birmingham/
440,4049713,http://www.seniorlifestyle.com/property/sheridan-hobe-sound/
603,4049714,http://www.seniorlifestyle.com/property/sheridan-south-jordan/
599,8274528,http://www.seniorlifestyle.com/property/reserve-north-dallas/
840,8340941,https://communities.seniorlifestyle.com/pa/pittsburg/2000-cool-springs-drive.html
842,8457063,http://www.seniorlifestyle.com/property/sheridan-park-ridge/
401,8670614,https://communities.seniorlifestyle.com/ga/snellville/1900-tree-lane.html
600,8837275,https://communities.seniorlifestyle.com/dc/washington/1330-massachusetts-ave-nw.html
899,9032497,http://www.seniorlifestyle.com/property/merrywood-park/
898,9335303,http://www.seniorlifestyle.com/property/thunderbird/