CenterID,CenterURL,Subpage Name,Subpage URL
Products & Services,/products--services
Pack & Ship,/products--services/pack--ship
Mailbox & Package Receiving Services,/products--services/mailbox-package-receiving-services
Notary,/products--services/notary
Local Marketing,/products--services/local-marketing
Document Scanning Service,/products--services/document-scanning-service
Document Shredding Service,/products--services/document-shredding-service
Graphic Design,/products--services/graphic-design
Quick Print Services,/products--services/quick-print-services
Print - Business Basics,/products--services/print-business-basics
Print - Promote Your Business,/products--services/print-promote-your-business
Print - Presentations & Bound Documents,/products--services/print-presentations-bound-documents
"Print - Promotional Packaging, Gifts, & Greetings",/products--services/print-promotional-packaging-gifts-greetings
Print - Direct Mail Services,/products--services/print-direct-mail-services
Additional Products & Services,/products--services/additional-products--services
